Name,Phone,Rating,Website
Roto-Rooter Plumbing & Water Cleanup,+1 978-250-1119,4.8,https://www.google.com/maps/place/Roto-Rooter+Plumbing+%26+Water+Cleanup/data=!4m7!3m6!1s0x89e3a46674605be1:0x7940692b2c4cb6d3!8m2!3d42.6441422!4d-71.3086365!16s%2Fg%2F11cls6g345!19sChIJ4VtgdGak44kR07ZMLCtpQHk?authuser=0&hl=en&rclk=1
Armory Plumbing Inc.,+1 978-815-0895,4.9,https://www.google.com/maps/place/Armory+Plumbing+Inc./data=!4m7!3m6!1s0xa3e76619072ae7e5:0xe0417a88b6cf38ad!8m2!3d42.6248568!4d-71.3526593!16s%2Fg%2F11w9y01_81!19sChIJ5ecqBxlm56MRrTjPtoh6QeA?authuser=0&hl=en&rclk=1
Welch Brothers Co Inc,+1 978-453-2100,4.6,https://www.google.com/maps/place/Welch+Brothers+Co+Inc/data=!4m7!3m6!1s0x89e3a473ed20a5f9:0x955c4def1eec68de!8m2!3d42.6287954!4d-71.3155851!16s%2Fg%2F1tj53m5r!19sChIJ-aUg7XOk44kR3mjsHu9NXJU?authuser=0&hl=en&rclk=1
"David M Murphy Plumbing, Heating and Gas Fitting, Inc.",+1 978-458-0481,4.4,"https://www.google.com/maps/place/David+M+Murphy+Plumbing,+Heating+and+Gas+Fitting,+Inc./data=!4m7!3m6!1s0x89e3a412824039ab:0xa275690f42e326a7!8m2!3d42.6373058!4d-71.3007377!16s%2Fg%2F1vspshvt!19sChIJqzlAghKk44kRpybjQg9pdaI?authuser=0&hl=en&rclk=1"
Wallace Plumbing and Mechanical,+1 978-606-5558,4.5,https://www.google.com/maps/place/Wallace+Plumbing+and+Mechanical/data=!4m7!3m6!1s0x89e3a53a3c69088b:0xeba11a5ad36d982d!8m2!3d42.6386062!4d-71.3393277!16s%2Fg%2F11sx0mkbq2!19sChIJiwhpPDql44kRLZht01oaoes?authuser=0&hl=en&rclk=1
A. Fagundes Plumbing & Heating Inc.,+1 978-350-5522,4.8,https://www.google.com/maps/place/A.+Fagundes+Plumbing+%26+Heating+Inc./data=!4m7!3m6!1s0x89e397d5c3cc81fd:0x44c87420fe0a485d!8m2!3d42.6647527!4d-71.4002194!16s%2Fg%2F1pp2vjq0p!19sChIJ_YHMw9WX44kRXUgK_iB0yEQ?authuser=0&hl=en&rclk=1
"MillTown Plumbing, Heating, Cooling and Electrical",+1 978-547-4790,4.8,"https://www.google.com/maps/place/MillTown+Plumbing,+Heating,+Cooling+and+Electrical/data=!4m7!3m6!1s0x89e3a365c67daa99:0x648457bd6fdc2039!8m2!3d42.6213793!4d-71.3506481!16s%2Fg%2F1tffvz0y!19sChIJmap9xmWj44kROSDcb71XhGQ?authuser=0&hl=en&rclk=1"
Eric C. Foster Plumbing Heating & Cooling Inc.,+1 978-256-5976,4.9,https://www.google.com/maps/place/Eric+C.+Foster+Plumbing+Heating+%26+Cooling+Inc./data=!4m7!3m6!1s0x89e3a365c02f30ff:0x31cd89b9145e037f!8m2!3d42.6221246!4d-71.3510348!16s%2Fg%2F1tv254lc!19sChIJ_zAvwGWj44kRfwNeFLmJzTE?authuser=0&hl=en&rclk=1
Dees Plumbing and Heating,+1 978-429-5576,5.0,https://www.google.com/maps/place/Dees+Plumbing+and+Heating/data=!4m7!3m6!1s0x84a31a5cacb7c443:0x3272f0a71b2c24b4!8m2!3d42.6593466!4d-71.2793587!16s%2Fg%2F11pf5jc7r7!19sChIJQ8S3rFwao4QRtCQsG6fwcjI?authuser=0&hl=en&rclk=1
New Era Plumbing & HVAC,+1 978-958-9727,4.9,https://www.google.com/maps/place/New+Era+Plumbing+%26+HVAC/data=!4m7!3m6!1s0x89e3a5dadfe4f4b5:0x6239f18255ca568f!8m2!3d42.6698066!4d-71.3271435!16s%2Fg%2F11jp29x4xk!19sChIJtfTk39ql44kRj1bKVYLxOWI?authuser=0&hl=en&rclk=1
Doug Anderson Plumbing and Heating,+1 978-733-2747,4.9,https://www.google.com/maps/place/Doug+Anderson+Plumbing+and+Heating/data=!4m7!3m6!1s0x89e3a36a571cc789:0xcfe2814a52252ca2!8m2!3d42.5657171!4d-71.3235075!16s%2Fg%2F11pwc8cfx1!19sChIJicccV2qj44kRoiwlUkqB4s8?authuser=0&hl=en&rclk=1
"128 Plumbing, Heating, Cooling & Electric",+1 978-515-3128,5.0,"https://www.google.com/maps/place/128+Plumbing,+Heating,+Cooling+%26+Electric/data=!4m7!3m6!1s0x89e325aff2764fef:0x561b2234907c0ba5!8m2!3d42.5971396!4d-71.3045663!16s%2Fg%2F11rgrbwldv!19sChIJ70928q8l44kRpQt8kDQiG1Y?authuser=0&hl=en&rclk=1"
"Denommee Plumbing, HVAC & Electric",+1 978-649-8886,4.7,"https://www.google.com/maps/place/Denommee+Plumbing,+HVAC+%26+Electric/data=!4m7!3m6!1s0x89e3bbed408dca2f:0x7229c7803082c8c8!8m2!3d42.6569331!4d-71.4244089!16s%2Fg%2F1tt8d8kx!19sChIJL8qNQO2744kRyMiCMIDHKXI?authuser=0&hl=en&rclk=1"
Top Plumbing Services Lowell MA,+1 351-239-1121,3.7,https://www.google.com/maps/place/Top+Plumbing+Services+Lowell+MA/data=!4m7!3m6!1s0x89e3a469ee5afe9d:0xec8bc39fe88e6a45!8m2!3d42.6421303!4d-71.3180079!16s%2Fg%2F11clv8c2f6!19sChIJnf5a7mmk44kRRWqO6J_Di-w?authuser=0&hl=en&rclk=1
Legacy Plumbing and Heating L.L.C.,+1 781-346-2610,5.0,https://www.google.com/maps/place/Legacy+Plumbing+and+Heating+L.L.C./data=!4m7!3m6!1s0xa7cb919c4a5bc9d9:0xc38a5edad2700151!8m2!3d42.6201935!4d-70.9740355!16s%2Fg%2F11vc2pj2hn!19sChIJ2clbSpyRy6cRUQFw0tpeisM?authuser=0&hl=en&rclk=1
"Fred L. Webster Co.,Inc",+1 978-453-2891,3.8,"https://www.google.com/maps/place/Fred+L.+Webster+Co.,Inc/data=!4m7!3m6!1s0x89e3a46381461f15:0xaad028f6954c471b!8m2!3d42.6382148!4d-71.329265!16s%2Fg%2F1tfkglgl!19sChIJFR9GgWOk44kRG0dMlfYo0Ko?authuser=0&hl=en&rclk=1"
"Sam Sean Plumbing and Heating, LLC",+1 978-732-9145,4.9,"https://www.google.com/maps/place/Sam+Sean+Plumbing+and+Heating,+LLC/data=!4m7!3m6!1s0xd717a4b273a5559:0x18a642155a65f748!8m2!3d42.4822326!4d-71.2046375!16s%2Fg%2F11sx2cqkdb!19sChIJWVU6J0t6cQ0RSPdlWhVCphg?authuser=0&hl=en&rclk=1"
Ayotte Plumbing Heating and Air Conditioning,+1 978-301-6413,4.5,https://www.google.com/maps/place/Ayotte+Plumbing+Heating+and+Air+Conditioning/data=!4m7!3m6!1s0x89e3a4a902213837:0xf00167e15eb56b0!8m2!3d42.63678!4d-71.373181!16s%2Fg%2F1tksjthk!19sChIJNzghAqmk44kRsFbrFX4WAA8?authuser=0&hl=en&rclk=1
Elston Plumbing & Heating,+1 978-452-3627,2.8,https://www.google.com/maps/place/Elston+Plumbing+%26+Heating/data=!4m7!3m6!1s0x89e3a471e3655915:0xeb8bf713e5070b6e!8m2!3d42.6331577!4d-71.3180393!16s%2Fg%2F1tplrbbs!19sChIJFVll43Gk44kRbgsH5RP3i-s?authuser=0&hl=en&rclk=1
Ciardi Plumbing and heating LLC,+1 978-505-6274,5.0,https://www.google.com/maps/place/Ciardi+Plumbing+and+heating+LLC/data=!4m7!3m6!1s0x6a014dc213cadc31:0x30de1795f7748e5c!8m2!3d42.558137!4d-71.0320926!16s%2Fg%2F11lc_qg3fm!19sChIJMdzKE8JNAWoRXI5095UX3jA?authuser=0&hl=en&rclk=1
Flush Plumbing & Heating LLC,+1 978-228-9714,5.0,https://www.google.com/maps/place/Flush+Plumbing+%26+Heating+LLC/data=!4m7!3m6!1s0x884e7c7a62baac37:0x6e452396cf51f537!8m2!3d42.5400664!4d-71.155108!16s%2Fg%2F11ltp0gjky!19sChIJN6y6Ynp8TogRN_VRz5YjRW4?authuser=0&hl=en&rclk=1
Best Plumbing Services Lowell Massachusetts,+1 351-239-1120,,https://www.google.com/maps/place/Best+Plumbing+Services+Lowell+Massachusetts/data=!4m7!3m6!1s0x89e3a4120c7fc101:0xe10c40b445abbd24!8m2!3d42.6316792!4d-71.3063312!16s%2Fg%2F1262hq6_p!19sChIJAcF_DBKk44kRJL2rRbRADOE?authuser=0&hl=en&rclk=1
Ostroski Plumbing & Heating Inc.,+1 978-355-1673,4.9,https://www.google.com/maps/place/Ostroski+Plumbing+%26+Heating+Inc./data=!4m7!3m6!1s0x89e3a12f198a1e63:0xc8b8bcb943ddf9f7!8m2!3d42.6022067!4d-71.2837552!16s%2Fg%2F1hc2dc_bt!19sChIJYx6KGS-h44kR9_ndQ7m8uMg?authuser=0&hl=en&rclk=1
Bob Gagnon Plumbing & Heating,+1 978-453-2211,4.3,https://www.google.com/maps/place/Bob+Gagnon+Plumbing+%26+Heating/data=!4m7!3m6!1s0x89e3a49674b1bb3b:0x21d3c98c26611590!8m2!3d42.6445729!4d-71.3573254!16s%2Fg%2F1tfjrqpt!19sChIJO7uxdJak44kRkBVhJozJ0yE?authuser=0&hl=en&rclk=1
Buss Mechanical (Plumbing / Heating / HVAC),+1 978-446-9799,5.0,https://www.google.com/maps/place/Buss+Mechanical+%28Plumbing+%2F+Heating+%2F+HVAC%29/data=!4m7!3m6!1s0x89e3a36410f43ee1:0x4ec0c240ffd0a9b2!8m2!3d42.624493!4d-71.3521041!16s%2Fg%2F1v9gwgzy!19sChIJ4T70EGSj44kRsqnQ_0DCwE4?authuser=0&hl=en&rclk=1
Martinez Plumbing,+1 978-479-2951,5.0,https://www.google.com/maps/place/Martinez+Plumbing/data=!4m7!3m6!1s0x247c67d810abe453:0xd8a90705df47d849!8m2!3d42.573589!4d-71.3401199!16s%2Fg%2F11y5h06pk1!19sChIJU-SrENhnfCQRSdhH3wUHqdg?authuser=0&hl=en&rclk=1
